# D[kpc], mu_lim[mag]
90.43717699389839, 30.011747430249635
180.7331093599823, 29.847283406754773
362.30708947156694, 29.624082232011748

